"ACADIAN REDFISH","ALEWIFE","AMERICAN LOBSTER","AMERICAN PLAICE","ATLANTIC ANGEL SHARK","ATLANTIC COD","ATLANTIC CROAKER","ATLANTIC HALIBUT","ATLANTIC HERRING","ATLANTIC MACKEREL","ATLANTIC ROCK CRAB","ATLANTIC SHARPNOSE SHARK","ATLANTIC WOLFFISH","BARNDOOR SKATE","BASKING SHARK","BEARDFISH","BLACK SEA BASS","BLACKBELLY ROSEFISH","BLUEFISH","BLUNTNOSE STINGRAY","BULLNOSE RAY","BUTTERFISH","CHAIN DOGFISH","CHUB MACKEREL","CLEARNOSE SKATE","COARSEHAND LADY CRAB","COBIA","COWNOSE RAY","CUSK","DUSKY SHARK","FAWN CUSK-EEL","FOURSPOT FLOUNDER","GOOSEFISH","HADDOCK","HORSESHOE CRAB","JOHN DORY","LITTLE SKATE","LOGGERHEAD SEATURTLE","LONGFIN SQUID","LONGHORN SCULPIN","NORTHERN SEAROBIN","NORTHERN SHORTFIN SQUID","NORTHERN SHRIMP","OCEAN POUT","OCEAN SUNFISH","OFFSHORE HAKE","POLLOCK","RED HAKE","ROSETTE SKATE","ROUGHTAIL STINGRAY","ROUND HERRING","SANDBAR SHARK","SCUP","SEA RAVEN","SEA SCALLOP","SHRIMP UNCL","SILVER HAKE","SMOOTH DOGFISH","SMOOTH SKATE","SOUTHERN EAGLE RAY","SOUTHERN STINGRAY","SPINY BUTTERFLY RAY","SPINY DOGFISH","SPOT","SPOTTED HAKE","STRIPED ANCHOVY","STRIPED BASS","SUMMER FLOUNDER","THORNY SKATE","WEAKFISH","WHITE HAKE","WINDOWPANE","WINTER FLOUNDER","WINTER SKATE","WITCH FLOUNDER","YELLOWTAIL FLOUNDER"
0.16830940711556,0.1057607064999,0.080178074038901,0.180129306020058,0,0.491623165579204,0,0.0548552288562425,0.0503783189592374,0.060894819753659,0.0213523688731618,0,0.0261512042694663,0,0,0,0.0198779736298621,0,0,0,0,0.0685274664780797,0,0,0,0,0,0,0.0525921747925149,0,0,0.0240312983050795,0.111223776892562,0.235900999656822,0,0,0.048141582031744,0,0.0554230064897494,0.0749607036503507,0,0.10350944849455,0,0.0598882244777591,0,0,0.287081520894644,0.136076755490829,0,0,0,0,0.0261512042694663,0.0620077105671487,0.0381962786248322,0.0729322241932989,0.167947839765384,0,0.0215048497376445,0,0,0,0.59379807887737,0,0.00389839136266729,0,0,0.022394553403565,0.112176169123739,0,0.142491403843422,0.0373615612847919,0.138952362176318,0.0535996915488395,0.0909253300119735,0.0949032131148243
0.197261083622756,0.0461934102007915,0.144397294387462,0.232905637675399,0,0.283497354684808,0,0.0160968340901549,0.028688833303326,0.0553495425417731,0.0202860685731123,0,0.073454369979718,0,0,0,0.0123457081784336,0,0.0297324025345555,0,0,0.052957188292597,0,0,0,0,0,0,0.0854444313542744,0,0,0.0400046667213207,0.140979122424869,0.260166870550529,0.0380520281858523,0,0.10985460601446,0,0.0419245417177654,0.090196361681355,0.0309874815964506,0.0510521530231823,0.0614811309150266,0.0619749631929012,0,0,0.434845916579651,0.275840807356897,0,0,0,0,0,0.0927161862248722,0.0736615759484054,0.108121905041273,0.313323274536153,0.036204723306118,0.0545325456488327,0,0,0,0.235832111161368,0,0,0,0,0.0156162228686474,0.224949508694236,0,0.319178939733553,0.0607516732279106,0.165701297081131,0.0645481039925545,0.138690171302413,0.0489861770315193
0.169805605837869,0.024020632014539,0.0697526746289293,0.174202741746769,0,0.290391728299858,0,0,0.0833035623095667,0.0142382050862712,0.00883015994451184,0,0.0318375944504857,0,0,0,0.0249754639029046,0,0.0078979351552497,0,0,0.0499509278058092,0,0,0,0,0,0,0.125996202870788,0,0,0.0792749708700061,0.162100188789489,0.185733761430118,0,0,0.0537756015648202,0,0.116924122029937,0.10483225983402,0.0142382050862712,0.0514882378602384,0,0.0446774680451895,0,0,0.118020629089583,0.24787503082739,0,0,0,0,0.00394896757762485,0.0647678839081267,0.0303325955173441,0.110147175882384,0.174694398955181,0,0.0549062725168979,0,0,0,0.647353714193849,0,0,0,0,0,0.233490534866505,0,0.239913999452777,0.0204127630786823,0.152507369105407,0.138234172701114,0.140618737621057,0.0665679281265553
0.186081072954612,0.117311027039427,0.196695324339002,0.177875349126237,0,0.309315950621752,0,0.0324639220478056,0.123464389177699,0.204387864864806,0.0135383913675855,0,0.0830894068917655,0,0,0,0.0307731735593392,0.0123588039072663,0.0289839643096046,0,0,0.0656297871344631,0,0,0,0,0,0,0.141344955515181,0,0.00390819695023499,0.0571719925137368,0.138009717926228,0.223212452826352,0.00390819695023499,0,0.138947257259394,0,0.111845468330619,0.0999459765312953,0.0422736134960527,0.0765497968979054,0,0.0722752320191676,0,0,0.153418510102966,0.259120531363667,0,0,0,0,0.039855945024424,0.0969988973933459,0.0161139088315357,0.116067527760397,0.297331349994865,0,0.0452406504799024,0,0,0,0.358994429320965,0,0.00676919568379273,0,0,0.0270767827351709,0.233414588520755,0,0.286020212957372,0.0577038364547634,0.18787821018314,0.190862511021298,0.119567835073272,0.0788449071566655
0.239856903142555,0.0508194137782709,0.152766062207414,0.148728674349398,0,0.224668224464713,0,0.0561124432013407,0.0621284106770685,0.0446085100652215,0.00709772502372267,0,0.0589581320544855,0,0,0,0.0240695566201864,0.0112224886402681,0.058313761536927,0,0,0.122422897786455,0,0,0,0,0,0,0.0996845094589262,0,0.00354886251186134,0.0412340562192563,0.143015196423408,0.109395377877527,0,0,0.0568837384839473,0,0.0388515360262906,0.15826892347289,0.0421404074857062,0.0395757843754216,0.10395199257304,0.033438496719683,0,0,0.0964742461471559,0.18622569380384,0,0,0,0,0.0260787069640563,0.0550931616071435,0.0265572552643022,0.120504656228269,0.326784532469203,0,0.0556617335474858,0,0,0,0.562796896004888,0,0,0,0,0.0100376989905435,0.191605712984755,0,0.276720264488917,0.0617542867239764,0.111493038354103,0.302115564000472,0.0993681503321174,0.0535513828175069
0.177971551453635,0.0530422568939806,0.134847958986717,0.147236583840965,0,0.212169027575923,0,0.0176341626193901,0.383575611012047,0.125756609652027,0.0121687282914834,0,0.0488267853389344,0,0,0,0,0,0.0845704729772936,0,0,0.022765606049737,0,0,0,0,0,0,0.055230478303,0,0,0.0180491408690355,0.120218167293626,0.101300551886325,0,0,0.0663167781371268,0,0.0581048812036342,0.0781076914724556,0.0127626699030863,0.0564240718752813,0.0948068112409616,0.0514839321861869,0,0.0196214847909904,0.1176030627359,0.164345422076514,0,0,0,0,0.023407016222881,0.0653042487827564,0.0243374565829669,0.108499755227558,0.303633546514893,0,0.0314979722070177,0,0,0,0.610028435158323,0,0.0038480897628817,0,0,0,0.109586137816838,0,0.278847145613142,0.02609901457655,0.0968159807215854,0.138851535316682,0.0636972195747618,0.0577213464432255
0.205941936608332,0.119010167920799,0.123153224132908,0.153697993528179,0,0.284295631605689,0,0,0.299777759160828,0.0376862170353393,0.00360968492669972,0,0.0540248170796502,0,0,0,0.01768377240526,0.0225424751420886,0,0,0,0.00955032862734586,0,0,0,0,0,0,0.0895900238103918,0,0,0.0566156958486832,0.147158314745758,0.0919584504015699,0,0,0.113116260613505,0,0.0532963592459129,0.0724639191862225,0.0200978750959234,0.223742237155852,0.0680116752540717,0.0443565509905415,0,0,0.354429887888262,0.177829654249213,0,0,0,0,0.023113261043647,0.0815181629314719,0.00955032862734586,0.0881975378693518,0.250372700936379,0.023113261043647,0.0346228815213865,0,0,0,0.492916982676083,0,0.00510486537923247,0,0,0.025267794486898,0.146136523900087,0,0.272429595929234,0.0657715895326722,0.0913186080315923,0.10152138586822,0.0621033677020237,0.0815181629314719
0.182398198666348,0.103924328318274,0.15891666394421,0.156477715058491,0,0.242261328531703,0,0.0193688239049459,0.316972122592874,0.0261169168255786,0.00715241223892781,0,0.0452358268789526,0,0,0,0.00583992013847018,0.0280072730937041,0.0385169186751921,0,0,0.0801793600103496,0,0,0,0,0,0,0.0585450173454822,0,0,0.016057125652222,0.136958267267954,0.113898656014418,0,0,0.0407122441910574,0,0.118267394683082,0.172453247101223,0,0.0927150547308041,0.110264744434712,0.0547755246346929,0,0,0.158325394076334,0.213195481070905,0,0,0,0,0.0601256577985906,0.0958707870875676,0.017026146698579,0.138628929089712,0.319064933301629,0,0.0459835771539143,0,0,0,0.51579108962382,0,0,0,0,0,0.178571733077126,0,0.290091824039395,0.0133170668528505,0.129140165217464,0.125541984467719,0.0611102369574542,0.0735285140040145
0.227308965387702,0.0360835574665368,0.102681030920393,0.154246566099832,0,0.175479759774272,0,0.00947600643163952,0.115998859818479,0.0139483037953375,0,0,0.0183502075491471,0,0,0,0,0.0136774371603743,0.0208328516166244,0,0,0.038685634261414,0,0,0,0,0,0,0.0385887989799741,0,0,0.0232500340066997,0.0749144086159638,0.039579582282398,0,0,0.0405286258242008,0,0.0266902841863281,0.0718512108283357,0.0102352567566501,0.0813622442319714,0.0686056757700398,0.0446429537522267,0,0,0.12998603381428,0.140029973041005,0,0,0,0,0.00670054840637964,0.0584780421304017,0.0122334716994314,0.0846676446372273,0.255222589967069,0,0.0369037430536414,0,0,0,0.801401696328655,0,0,0,0,0,0.119987846171018,0,0.208579795591288,0.0379040257265581,0.0780932555679244,0.0833296105116601,0.0394517607989328,0.074729391271191
0.175228637766307,0.0318871608102183,0.112217315895136,0.123523738602954,0,0.123097937810173,0,0.0448714561089792,0.109767579771261,0.0282566117337045,0.00589191083889166,0,0.0480470788568292,0.0161356623663508,0,0,0,0.00779426541333664,0,0,0,0.0233827962400099,0,0,0,0,0,0,0.0480470788568292,0,0,0.0313713131380132,0.0977506896140986,0.0273371329611542,0,0,0.0488167124948817,0,0.0316741586366028,0.0634790164480628,0.0117838216777833,0.0566052895998011,0.0578788405782099,0.0327398911605334,0,0,0.0722810438959212,0.142313127075243,0,0,0,0,0.0110227558562762,0.0545598578933565,0.0251702541372837,0.00779426541333664,0.234772501201022,0,0.0304731998101572,0,0,0,0.832087806982357,0,0.00416621010832681,0,0,0.0131747131531296,0.117395491793251,0,0.242429041935015,0.0440910234251049,0.108681402211722,0.0860884591600874,0.0563594457035428,0.0604280017046085
0.231537781567014,0.0986314353475556,0.161014369445286,0.181681000115634,0,0.203502445046622,0,0.0607819233305345,0.336722838405727,0.110947869293349,0.00983857775928831,0,0.0525236323123081,0,0,0,0,0.0113606110355363,0,0,0,0.0212537570996901,0,0,0,0,0,0,0.0432599179953092,0,0,0.0940257868480843,0.113107991593706,0.034081833106609,0,0,0.0850150283987602,0,0.0438157427316217,0.198241848771087,0.0212537570996901,0.057368273628105,0.0577885596397065,0.0506471788614865,0,0,0.117789322238184,0.204096151778438,0,0,0,0,0.0192628532132355,0.0881820551859629,0.0393543110371532,0.0378923639998331,0.298985944456687,0,0.0289639886782687,0,0,0,0.527259653869909,0,0,0,0.0456196083389544,0.0359254064835389,0.125546317642849,0,0.301645082151241,0.0829013297548052,0.21819324537847,0.101453500566934,0.0508061970827871,0.0914158658591252
0.286559377992235,0.0764514675368511,0.170597532975713,0.217062626297168,0,0.139172604831013,0,0,0.257301921259996,0.0374259814467774,0.0139478397732734,0,0.0523740919177295,0,0,0,0,0.0206879896449605,0.0308748594858413,0,0,0.0394504483463401,0,0,0,0,0,0,0.0748519628935548,0,0,0.0644263386504121,0.124519139400215,0.073237449047691,0,0,0.0702298317472355,0,0.0408674085527414,0.112972336178822,0.0152790929445791,0.12603322353227,0.12881945733964,0.0837880994572636,0,0,0.118843452546406,0.155779950102441,0,0,0,0,0.0108039502314914,0.0652723136717694,0.0311883178723145,0.0216079004629829,0.321163965362786,0,0.0701563862298004,0,0,0,0.550104639619504,0,0.0062376635744629,0,0.0318059682854133,0.0275447765271301,0.161156409380797,0,0.342219849034543,0.0346176279305787,0.177417399136496,0.100600577110087,0.0827519585798421,0.0618048280580385
0.188343455757023,0.128797804467652,0.182734770438432,0.218964654528225,0,0.195480341934795,0,0,0.165323482922609,0.11445392777839,0.00782390943220043,0,0.0696503735464465,0,0,0,0,0.0103500593189475,0.024430149371871,0,0,0.231665680843692,0,0,0,0,0,0,0.0354242565972405,0,0,0.0391195471610022,0.102833079713027,0.0511554458375646,0.0195597735805011,0.00782390943220043,0.067530808753072,0,0.126096082013482,0.103500593189475,0.0195597735805011,0.072132880840005,0.116179127712865,0.0798843758518611,0,0,0.0375221514904906,0.193631879521441,0,0,0,0,0.0369053069811493,0.0653425261719229,0.0364882844755852,0.00874739667010098,0.267818945423466,0,0.0322588049942287,0,0,0,0.648806859165669,0,0,0,0.0195597735805011,0.0241149084309087,0.132314314485382,0,0.232555755041008,0.0414002372757898,0.142451025771265,0.0451148626309434,0.0633205188040536,0.123892291406371
0.166015217406743,0.136814013582324,0.132659295035188,0.148199607436226,0,0.142972678372123,0,0.0229086407681887,0.394124062323901,0.0325324208657958,0.00591498561196287,0,0.0572716019204717,0,0,0,0,0.00836505287367962,0.0274266599858449,0,0,0.0868315052684585,0,0,0,0,0,0,0.0138718708667397,0,0,0.0106633919587819,0.103554489487668,0.094870542554881,0,0,0.0457217292289589,0,0.0362217414630328,0.0698619649248934,0,0.0404431058577327,0.0853071356702555,0.0458172815363774,0,0,0.0280572402913914,0.149580150882498,0,0,0,0,0,0.0432643898749357,0.0660653849229575,0.103765437943174,0.273132106452898,0,0.0409802224238343,0,0,0,0.70683459337904,0,0,0,0,0,0.0816396590968087,0,0.214086528708706,0.0230987572294128,0.0981780708435953,0.0428581424756219,0.0625983237511158,0.0362217414630328
0.415066214452115,0.0278179287663726,0.240118348063915,0.156793530928037,0,0.170122043885637,0,0,0.205174904777103,0.0109110893544206,0.0114436470580915,0,0.0204127790403592,0,0,0,0,0.0182577446175705,0.0253550804151913,0,0,0.0138015576454342,0,0,0,0,0,0,0.0546644487724316,0,0,0.042818206546542,0.100713551226699,0.133007924635198,0,0,0.133231505100005,0,0.0622984027993088,0.147924757466246,0.00975917500202353,0.0636220371459854,0.068488274277178,0.0523277462796123,0,0,0.095433055718978,0.278585560716647,0,0,0,0,0.00912887230878523,0.0492814180636382,0.00845169347173043,0.0795836637249633,0.22905492683131,0.0114436470580915,0.0487958750101176,0,0,0,0.570129216159532,0,0.00487958750101176,0,0.0201190546761152,0.0188985611277804,0.10165481982736,0,0.201338426639083,0.0456443615439262,0.181956932534411,0.0696944497985756,0.0797331167462308,0.101830339071434
0.295439101887045,0.0439074393914525,0.170412301561721,0.141034224262762,0,0.144887157978422,0,0.0415193514218924,0.294228209904923,0.123447559105213,0.00451670999090575,0,0.0460615847617359,0,0,0,0,0.00844999065069409,0.0831614504390124,0,0,0.287494888699959,0,0,0,0,0,0,0.0576654928890537,0,0,0.0343982384757269,0.0719845119595511,0.132147541730852,0,0,0.0346935077410014,0,0.0701908939804902,0.0867631656486712,0.00782317118730273,0.0526734373598772,0.0785570010593532,0.0247390394772804,0,0,0.121153957622653,0.186146545865344,0,0,0,0,0,0.0579302172777767,0.0723378990219486,0.0201993411486354,0.214721941731166,0.0283870821168175,0.0474791948139945,0,0,0,0.641341010103013,0,0,0,0.0371085592159205,0.0253499719520823,0.0933878260705468,0,0.166751647789384,0.0206981654254889,0.156071775012286,0.0525765220296468,0.0618475986932009,0.0799087569758764
0.418249307793917,0.129790229040242,0.176305054267952,0.189432435503069,0,0.123833714561507,0,0.032961688292442,0.210910655333435,0.0585232984353577,0.0193003884054606,0,0.0176187634971365,0,0,0,0.0120359068074829,0.0032167314009101,0.0285909340795729,0,0,0.0403055289281677,0,0,0,0,0,0,0.0200884811600688,0,0,0.0227457258683923,0.0801605334461931,0.130148491356869,0,0,0.0453775805901395,0,0.0454914517367846,0.0849850452262603,0.00851067132130052,0.0913234520258319,0.123163432428668,0.0415693308971334,0,0,0.0966626447897932,0.189295828839667,0,0,0,0,0.0055715422206785,0.0772015536218423,0.0453775805901395,0.145856690014259,0.348596337438273,0,0.0198292640915602,0,0,0,0.574409520461578,0,0,0,0,0,0.0854101249176508,0,0.176305054267952,0.0203443956957203,0.105418525945943,0.166898458824154,0.0569097879406796,0.0730700911953046
0.380653380340865,0.0313662201591025,0.176645619177157,0.158936310439444,0,0.190845524127617,0,0.0115304518503929,0.166494294778459,0.0343986445500492,0.01546972448926,0,0.0443585339493831,0,0,0,0.00631548857668735,0.0171024239136826,0,0,0,0.0325109672726007,0,0,0,0,0,0,0.0289412044532987,0,0,0.0253931861212808,0.071218627150499,0.142250451264161,0,0,0.063939448591089,0,0.0758735273369709,0.117276655993377,0.00364624902981445,0.0590759862101217,0.099856642195535,0.0466947710770418,0,0.0203014554062044,0.110506012191409,0.169912857402519,0,0,0,0,0.0204645219246338,0.072924980596289,0.0349735920780651,0.106023743073738,0.268748589804066,0,0.0240486640263631,0,0,0,0.681077936099226,0,0.0072924980596289,0,0,0.0141218617685963,0.0629968006984935,0,0.140770715091079,0.040356581476375,0.134541154301857,0.0422870577400269,0.0692307379815203,0.125861629430952
0.294595733420783,0.109004509111428,0.133627938840162,0.138254126589772,0,0.168781876605901,0,0.0155193752094282,0.192329666133469,0.031889284619443,0.0126715167966326,0,0.0155193752094282,0,0,0,0.0214856020753693,0.0136868024357493,0.0169612248119003,0,0,0.0709774628137016,0,0,0,0,0,0,0.0181059377443329,0,0,0.0245382867622729,0.099574259309389,0.214591179819704,0,0,0.0368528433996001,0,0.0471294123451048,0.0885118524814895,0.00731590363357672,0.0411417957068487,0.0640924935436374,0.0557762688994368,0,0,0.0857475714870277,0.187092703407057,0,0,0,0,0.0515368934021846,0.05743100846457,0.0496862437766521,0.0558960891640571,0.253575488827596,0,0.028334372935301,0,0,0,0.718366232145545,0,0.0025865625349047,0,0.0171573148501389,0.0234223199374391,0.0774674399669594,0,0.165094838239015,0.0198677638165795,0.180393035212768,0.0169612248119003,0.0602730123737494,0.0891895371282443
0.340935567738668,0.0447233238957919,0.12443154949277,0.145494983815915,0,0.250008641467044,0,0.0363008561792622,0.198550875621211,0.113407633183505,0.0195709889567452,0,0.0273069516200276,0.0182437471010973,0,0,0.00902413265715719,0.00747326888825263,0.0414431018681682,0,0,0.0603890519137899,0,0,0,0,0,0,0.0288000734129744,0,0.000951667792446713,0.0286871675530702,0.107149299077451,0.217047899418393,0,0,0.0939455673093361,0,0.0549184607447738,0.100249367640957,0.00828734549546357,0.0272958939351766,0.0433957730692416,0.0350419709341825,0,0.012037751199824,0.145563699331748,0.166182788460551,0,0,0,0,0.0119306908623035,0.0620423660959286,0.0469205358363587,0.0113802916028895,0.199798681091861,0.00782839558269809,0.0432921687726264,0,0,0,0.663460862594096,0,0.00173749972391403,0,0,0.0153942867750411,0.0397447127717279,0,0.19400684149371,0.0211375964340555,0.157911149962472,0.121584639168573,0.0843372235881259,0.109252332997274
0.330931989538824,0.0851463569459042,0.119217005702176,0.100810739336334,0,0.365642004873664,0,0.0236094690380674,0.334545052116311,0.0591573400934888,0.0069777136942975,0,0.0102162994038998,0.0157734626814142,0,0,0.0148409824797438,0.00616190899571879,0.0593667809613885,0,0,0.145483485120075,0,0,0,0,0,0,0.021429890420731,0,0,0.0184138662322547,0.0838079942355891,0.107001921316785,0,0,0.0579237562273447,0,0.0861299332368034,0.0863840376704543,0,0.024074450988879,0.0544945803367852,0.0171215200632104,0,0,0.0654731307663629,0.134950294986397,0,0,0,0,0.038592373199011,0.0705570634866261,0.0269398866190176,0.00920540105303062,0.165641880609235,0.0154846792183832,0.0232045399842662,0,0,0,0.65449330798161,0,0,0,0.0184444794973344,0.0262998325267929,0.0508978256533287,0,0.135084844174468,0.0196930286074633,0.144271229794907,0.0897860086820893,0.0487422446515078,0.051229281524175
0.582828529167126,0.0592863041640587,0.106803250812118,0.112028032769005,0,0.20455079890886,0,0.0223748007052491,0.28066575892943,0.0136780423042795,0.00995889686167146,0,0.0232331143998031,0.0197853223665229,0,0,0,0.00197663254131588,0.0189710787040901,0,0,0.0846022351735809,0,0,0,0,0,0,0.0430448109924568,0,0,0.0217308598091335,0.0905860739637581,0.142431270054042,0,0,0.026871132034557,0,0.0599598726803623,0.0799145885472834,0,0.03375891103244,0.05888509993561,0.0287619236141597,0,0,0.0864532338377348,0.162915453147785,0,0,0,0,0,0.0429058168145493,0.00765546491408804,0.00882275352395383,0.187818699812307,0,0.0241294320361208,0,0,0,0.569856484771756,0,0.00181823748633495,0,0,0.0107218563540384,0.0620529924387325,0,0.135257749922605,0.00697769162264226,0.157210168314347,0.0371921396018208,0.0541135701867759,0.0900181984147011
0.290656731253126,0.064938403011566,0.0985971017010167,0.0793449630627106,0,0.148091013636077,0,0.0252524402023358,0.20306920402308,0.0169044834369814,0.0023787906082388,0,0.0127974309024514,0.0287770897814969,0,0,0.00881153421846188,0.010815803176801,0.0469889312123032,0,0,0.0614398905755875,0,0,0,0,0,0,0.022324784860248,0,0,0.0155795768262205,0.0442025422665825,0.251848230985454,0,0,0.0306228205506217,0,0.0762270136209923,0.0439655693157906,0.00101675506845144,0.038109223832548,0.0588151976835329,0.0136611294158789,0,0,0.0762084528329766,0.0839099371948297,0,0,0,0,0.0074460618193601,0.0247233180204189,0.0162697533037998,0.0310507006469034,0.10520137720354,0.0276390492294704,0.0278195702829288,0,0,0,0.831417290795587,0,0,0,0.0101138956889618,0.0143411984481552,0.0535944094576069,0,0.101414293359527,0.0113221052717015,0.0610124388131641,0.0716832248192653,0.045388028731485,0.0315702901162029
0.383557199819273,0.116394201667136,0.0917796345456097,0.104448061182144,0,0.157458826425168,0,0.015614609430194,0.265894338517867,0.0423172132585134,0.0079075421480634,0,0.0206163610960662,0.0206727580376402,0,0,0.00212607261927113,0.0240067398819131,0.000692396950837307,0,0,0.0147065969236158,0,0,0,0,0,0,0.0229343658799914,0,0,0.0273437315595416,0.06184742226355,0.238513126742499,0,0,0.063275492213397,0,0.0485609586340297,0.0407649886099734,0.00300672073276332,0.030682751056744,0.094094318231409,0.0178782508718071,0,0,0.249595827310198,0.0742522232453523,0,0,0,0,0.00413786322328324,0.0510257428625071,0.010425444725411,0.0141246068709964,0.0901226230061936,0,0.0302420907727709,0,0,0,0.726065331062513,0,0,0,0.0251015211413428,0,0.0393945441480028,0,0.115616963305437,0.0245092872708201,0.116843762226112,0.0277205954663757,0.0397252110157816,0.0391328993835548
0.372781976597101,0.0640415711217521,0.0885597436256358,0.112243477717592,0,0.17466815423114,0,0,0.265132407979222,0.040407629586202,0.00376001410766503,0,0.00246299840815002,0.026808759161273,0,0,0.0113663067326628,0.0241887451670828,0.022651053098264,0,0,0.115263571027909,0,0,0,0,0,0,0.0208302436941403,0,0.00150400564306601,0.0229755574573168,0.0601973871119625,0.214428480203782,0.00687728530021518,0,0.0994640841364717,0,0.0798147790464999,0.0708803685510021,0.0136814921930863,0.0835824849603894,0.123800479188874,0.0119269035455123,0,0,0.120924596064334,0.0920017486287501,0,0,0,0,0.0178964606901836,0.0482679100844959,0.00595590377905963,0.0239666882562051,0.109737145024482,0.0122522134226407,0.0343991321809061,0,0,0,0.735735133925604,0,0.00273027962805464,0,0,0.0235632399200166,0.0734160096949633,0,0.12162701239513,0.0264623021502261,0.127320257744522,0.0417221427237595,0.0401081701609845,0.0471493829801279
0.31719075265388,0.042749496345639,0.0606619888003822,0.0942004917057883,0,0.107719619172872,0,0.0100304366387486,0.173979334881921,0.0556207552806976,0.00399450411603652,0,0,0.0398070613312791,0,0,0,0.0275123696292464,0.018618048134493,0,0,0.0491389033245025,0,0,0,0,0,0,0.00524504086520235,0,0,0.0135764516586701,0.054999378036931,0.145346724715567,0,0,0.0247018594962022,0,0.0670999265985523,0.0553398861947085,0,0.0473670212278986,0.0817678632423633,0.00892538031239179,0,0,0.0636075712609969,0.0830313091123672,0,0,0,0,0.0111087368799645,0.041379825247874,0.0117667405552585,0.00574565439381548,0.125532076664646,0,0.0169692618787234,0,0,0,0.855408553634024,0,0,0,0,0.0120587063157868,0.0448802497428521,0,0.130400498539872,0.0140319723145287,0.0718059038628441,0.0336138904798135,0.0336021966577585,0.0760492168007186
0.454218966883264,0.0799245740023546,0.129627907530532,0.140058284584849,0,0.191979830797499,0,0.0253593813033619,0.232716635365458,0.0443485010684821,0.0110894141826596,0,0.0310446047844222,0.0380928556741464,0,0,0.011387513192679,0.0116693087031457,0.0220748310795434,0,0,0.0369785451495458,0,0,0,0,0,0,0.0182015129422929,0,0,0.0239285466848426,0.0680536208958608,0.124984889459488,0,0,0.0495278187425568,0,0.0875198152735924,0.12865442896587,0.00444551997989096,0.0607937980137367,0.0875260015671898,0.0218669002502768,0,0,0.118727344663298,0.114653432143867,0,0,0,0,0.00803114729361417,0.0518849848465126,0.00818556644275012,0.0300543058001372,0.182025726522387,0.0152584480021856,0.0210435788171655,0,0,0,0.682227169344755,0,0.00367913851325724,0,0,0.0214528796852756,0.0517360661810998,0,0.160550455362627,0.0255256392224393,0.12900011383192,0.071973955278543,0.0502172083573968,0.0937415325299542
0.367952057980603,0.139956412185834,0.156381374670274,0.0977618864941844,0,0.265907022491277,0,0.0132898297109177,0.344608456175198,0.054956225886825,0.0100947410321455,0,0.0139491530377098,0.0262776715220063,0,0,0.00340759385275132,0,0.00255500526203273,0,0,0.0633097769399215,0,0,0,0,0,0,0.0154808112154996,0,0,0.0236709517427583,0.0440869550374426,0.152918058635305,0,0,0.066511132737823,0,0.0733350630532078,0.119906080563794,0.00453885158662656,0.0597785457332603,0.133863339953564,0.0175870079934279,0,0,0.0393008776766649,0.0964701185619814,0,0,0,0,0.0130964293729942,0.0599850099033838,0.0137556412258363,0.0140299197976135,0.172507215679304,0,0.0299439784122144,0,0,0,0.645376744759154,0,0.00525074690229564,0,0,0.00925829082120489,0.0453420954368386,0.00378354787084332,0.108765825916126,0.027963104845911,0.141030925156813,0.152950304501535,0.037161786917908,0.13991601421696
0.588334995129608,0.131476526311841,0.163999796594108,0.117356534682362,0,0.208293303600478,0,0.0190999384626061,0.158161312327886,0.0669979253186277,0.00223199042965919,0,0.0246425328556557,0.0416753115218916,0,0,0.00423824347370486,0.0350879591828098,0,0,0,0.0411621014284124,0,0,0,0,0,0,0.0341753305780458,0,0,0.0180443908366607,0.0595483704164597,0.128508692595607,0,0,0.0581045976480072,0,0.0571248376967153,0.0693583105696061,0.00487686579604686,0.0401533592561047,0.132042131234741,0.0233564236674619,0,0,0.147857669939004,0.112147380043983,0,0,0,0,0.00717297827096148,0.0531190150874875,0.107487872752851,0.0343626330397579,0.281519137400949,0,0.0368964560851145,0,0,0,0.509465846325202,0,0.0100235541119602,0,0,0.00579524898019074,0.0532190008435752,0,0.178124139261164,0.0254462655767397,0.143417016265094,0.0939989432204848,0.0405362668219181,0.0901873286805435
0.414756436532307,0.162909130907094,0.215106902116483,0.120648619414769,0,0.148695272966919,0,0.0336954669571814,0.214921056888865,0.152758317797159,0.00981090127721178,0,0.0179841176888486,0.0501653977635282,0,0,0.00584277680773764,0.041361110390077,0,0,0,0.0744158094894792,0,0,0,0,0,0,0.0132815767610568,0,0,0.0339345290560409,0.0474453831855044,0.169726602774579,0,0,0.0435451529875898,0,0.0671055277926892,0.0883844877728922,0.013207939359124,0.0386744548148502,0.116725480117995,0.0308303317838376,0,0,0.141324118396708,0.111521939326431,0,0,0,0,0.0163396138007831,0.0515061824741616,0.080767267427772,0.0226761350235546,0.208480226969351,0,0.0309957848571948,0,0,0,0.651938261910516,0,0.00399477357820933,0,0,0.00903224619870897,0.0348579457776953,0,0.16150680586315,0.0309460602767038,0.127821010951899,0.0790156515066414,0.0495047218394437,0.0978505491172515
0.527203212782708,0.180728686639933,0.237714996905385,0.110799069424504,0,0.127896363725839,0,0.044497614837077,0.179727346538946,0.14744559628963,0.0130636756942262,0,0.0140986912797879,0.0597249503097792,0,0,0.0181455275998473,0.0481719982801899,0.00379347081502892,0,0,0.0594575268864571,0,0,0,0,0,0,0.0187719883384184,0,0,0.0240218914886718,0.0601339238234304,0.229448458351329,0,0,0.084395069869366,0,0.10003279219364,0.095875521553167,0.0142610381396235,0.0525339775697822,0.1143604236009,0.0183637475030462,0,0,0.0822893986887798,0.114801579436669,0,0,0,0,0.0201141606083354,0.0492315960856754,0.0701915229689817,0.110263302186786,0.344989142081269,0,0.0352447093573249,0,0,0,0.461392445253591,0,0.00753651609705263,0,0,0.0179067005046372,0.0334422940601741,0,0.172736168152131,0.0329344571929702,0.107485072048263,0.0992138050536675,0.0412302654444376,0.0983870458798316
0.351157780680219,0.145077857115345,0.1861267723766,0.105598473920181,0,0.104112087703565,0,0.0277276893668387,0.210127484240142,0.0351180864041981,0.0163961279012264,0,0.00979189890705088,0.0367029765264519,0,0,0.0135676455184207,0.0168954231192895,0.00287611379606599,0,0,0.031194346136159,0,0,0,0,0,0,0.007304301351381,0,0.00135411721891269,0.0226078809699442,0.0509983365931782,0.295083328999129,0.0120602046674508,0,0.0615881108243807,0,0.0468312762348095,0.0896507773013647,0.0100923444530909,0.0355452457579894,0.0651548706302625,0.013546642400257,0,0,0.0517801712944045,0.117252588483251,0,0,0,0,0.013409684774163,0.0317137091022516,0.0510174772725009,0.0807830515767774,0.273967262419543,0,0.0256272989522671,0,0,0,0.710893532594594,0,0.0157857588440092,0,0,0.00794355907777866,0.0268131489368132,0,0.102339043288719,0.0317989421351395,0.0874867392456936,0.0434933028653683,0.036026018849531,0.0910891158917768
0.373960364190507,0.199864935255245,0.255212139023435,0.131534789841373,0,0.104417844234843,0,0.0550510567281994,0.26345089824692,0.195124945378857,0.0138777390642936,0,0.0117462077315498,0.0732757751515801,0,0,0.0101684073345905,0.0383789777637197,0,0,0,0.0884542942218122,0,0,0,0,0,0,0.0253565290661015,0,0,0.0301840503715924,0.0616705762479362,0.449537809986873,0,0.00249199368632523,0.0697065668665419,0,0.092932381559636,0.0879155953343018,0.00984557580894968,0.0586890808361195,0.0779644382109988,0.0257959779482565,0,0,0.135854337963685,0.169672531790831,0,0,0,0,0.0188496749957917,0.0303062303627233,0.108961230401044,0.0991887751963403,0.306187746711839,0,0.0370193887963566,0,0,0,0.393986878169881,0,0.00658090184694101,0,0,0.0104560910302232,0.0431317855953527,0,0.115339040171731,0.0324137996378895,0.0992897546781753,0.0894740851115058,0.0458819712666819,0.073405200781099
0.395182142134347,0.15146715222765,0.263767483667539,0.154888196856289,0,0.185574830114231,0,0.0563252130495527,0.224424458688528,0.17228143879099,0.0164599354127204,0,0.0325317377489198,0.0739326620208428,0,0.000751379383671179,0.00246616671210412,0.0423617105007012,0.00147004667856244,0,0,0.123835232761224,0,0,0,0,0,0,0.0267241891819133,0,0,0.0255939685525027,0.060095479198236,0.518564125308343,0.00713900286746647,0.00168013537878065,0.0520043110285679,0,0.101476663617859,0.0633322279216312,0.0130543258946317,0.041776262718266,0.0432578876616377,0.0232863524086852,0,0,0.107020559287608,0.177168348633265,0,0,0,0,0.0214701918114426,0.0378884628801442,0.0689730183920701,0.0686556851035846,0.287607654756712,0.00637968926086688,0.0345191754297143,0,0,0,0.315685238538975,0,0.0127939035916074,0,0,0.0130112330301235,0.0436796832068502,0.00399803098173575,0.113351062867369,0.0344317056917897,0.110799382501725,0.123067393138254,0.0579312991964883,0.0745803400583662
0.192578154581966,0.0493519161828565,0.13438984059857,0.0864909616325972,0,0.0711802797821948,0,0.0169381465930895,0.178895327741733,0.181955701352317,0.00776187482006127,0,0.00496010641697737,0.0344587489949501,0,0,0.00850250731154824,0.0285367562318838,0.0107961744442496,0,0,0.0448898003360279,0,0,0,0,0,0,0.00724190356369665,0,0,0.012075589995039,0.040301626644536,0.291418009691971,0.00563579263634085,0,0.0243445378944315,0,0.0671151009621436,0.0421196406296199,0.00957481258412794,0.0296650228227112,0.0193319956327144,0.00936890679228327,0,0,0.050055192575227,0.0839053658925403,0,0,0,0,0.0103814257369259,0.0151431137054583,0.045922221932287,0.0297183265051489,0.183476548136453,0.00781721747198029,0.0205260268082783,0,0,0,0.838813450651188,0,0.0151458765922053,0,0.0116103896088164,0.0128661614153813,0.0161907552044461,0,0.0695585592249418,0.0213572826242484,0.0590531129784079,0.045783371334754,0.0275340194733092,0.045182285779704
0.208668092679101,0.107570919067826,0.13144229055216,0.0796689931005519,0,0.0833487959899517,0,0.0188307751651256,0.228546284079572,0.391846808363382,0.0114802615337848,0,0.0126768977390591,0.0462358256283331,0,0,0.0058650727073651,0.0316585489208846,0,0,0,0.030148517194891,0,0,0,0,0,0,0.0181158807919925,0,0,0.0222761341581787,0.0567100396261433,0.340194315505021,0,0,0.0243338769587007,0,0.050170553197293,0.0376230839169487,0.0142346652047723,0.0283165824178516,0.0269426758223508,0.0133442345793206,0,0,0.02129878808865,0.105309267408735,0,0,0,0,0.0036898667610556,0.0271126532220464,0.0139634483879979,0.0383248345791937,0.192067744042209,0.0103527833286752,0.0328675398133749,0,0,0,0.708203082524004,0,0.0103397449529538,0,0,0.00246007820384323,0.0280868173991275,0,0.0901473219652748,0.0215868061328191,0.0506744882379464,0.0805612280390135,0.0461501366413692,0.0577398689689209
0.335928342142349,0.195379907546046,0.248431321623434,0.115376264604194,0,0.0992571743541731,0,0,0.0915397955973874,0.168806982657637,0.0118692976137496,0,0.0300623475601969,0.0893152730763856,0,0,0.00660293659277455,0.00933935622070237,0.00607637687586322,0,0,0.0820248112881432,0,0.00259749092801207,0,0,0,0,0.0243423488164979,0,0,0.0249599519561356,0.0799337926042545,0.475209393740076,0,0,0.039229861182877,0,0.0821013103410963,0.101687711393519,0.0186609109478445,0.0641654003543843,0.0785364415397258,0.0242764015388219,0,0,0.0555655801294374,0.165996494210826,0,0,0,0,0.0117199347218207,0.0352943962226904,0.053237960413291,0.0932418793028133,0.244097550223381,0.0260484453948493,0.0326667778338484,0,0,0,0.513915630273114,0,0.0150877885212896,0,0.0963038195135304,0.0199101874560231,0.0386500903795448,0,0.100211880801977,0.0492148615659593,0.123464551264292,0.163906854968426,0.0549489534370587,0.100240657122956
0.269815153217982,0.133594758088194,0.217403156660198,0.0970364128079499,0,0.0563058187616784,0,0,0.129180705999541,0.301589221311967,0.0139043197208082,0,0.0166916478231378,0.0625747446728044,0,0,0.00369997574489848,0.0190923476566496,0.000861025731261811,0,0,0.0342845032663652,0,0.00472971826568571,0,0,0,0,0.0140165495231684,0,0,0.0331569543289283,0.0774946646475692,0.32870113271606,0.0138061287605851,0,0.0383675243166815,0,0.0522821125151443,0.0673276548470004,0.0109785708461485,0.0393951490702447,0,0.0120797617406762,0,0,0.0842332885035513,0.149630057315087,0,0,0,0,0.00714546109381791,0.0234499565830567,0.0302247482019275,0.0655726213515624,0.275752660902107,0.0215502545478582,0.0407632733695528,0,0,0,0.673691546756335,0,0.0086751380056436,0,0.0150675197780657,0.0150259665705658,0.0417097359942582,0,0.113243973896683,0.0462855718823555,0.106195561762889,0.0711935754843889,0.0606371157808437,0.0722404662444245
